,Date,Unix,Ticker,Price,stock_p_change,SP500,sp500_p_change,Difference,DE Ratio,Trailing P/E,Price/Sales,Price/Book,Profit Margin,Operating Margin,Return on Assets,Return on Equity,Revenue Per Share,Market Cap,Enterprise Value,Forward P/E,PEG Ratio,Enterprise Value/Revenue,Enterprise Value/EBITDA,Revenue,Gross Profit,EBITDA,Net Income Avl to Common ,Diluted EPS,Earnings Growth,Revenue Growth,Total Cash,Total Cash Per Share,Total Debt,Current Ratio,Book Value Per Share,Cash Flow,Beta,Held by Insiders,Held by Institutions,Shares Short (as of,Short Ratio,Short % of Float,Shares Short (prior ,Status
0,2011-08-02 06:45:37,1312281937.0,a,40.79,27.988704110448694,1254.050049,11.03291139940303,16.955792711045664,54.36,16.18,2.38,3.71,14.46,14.80,6.94,27.00,17.77,13850000000.0,13850000000.0,12.44,0.63,2.25,11.89,2.25,2930000000.0,11.89,890000000.0,2.52,85.20,31.90,2980000000.0,8.55,2150000000.0,3.20,11.36,13850000000.0,1.55,0.25,82.10,4360000.0,1.20,1.40,5420000.0,outperform
1,2013-05-14 00:28:58,1368505738.0,a,37.74,18.4185754628177,1650.339966,46.120205784364046,-27.701630321546347,44.12,13.75,2.19,2.83,15.96,15.69,6.85,22.38,19.85,15060000000.0,15060000000.0,13.08,2.07,2.18,10.75,2.18,3600000000.0,10.75,1100000000.0,3.13,22.20,2.80,2450000000.0,7.06,2360000000.0,2.55,15.41,1320000000.0,1.66,0.23,83.20,4370000.0,1.20,1.30,3080000.0,underperform
2,2013-09-06 06:09:52,1378462192.0,a,37.74,18.4185754628177,1655.170044,46.54785827164225,-28.12928280882455,56.39,17.74,2.32,3.31,13.73,14.04,5.98,19.41,19.80,15860000000.0,15860000000.0,15.09,2.16,2.32,11.93,2.32,3600000000.0,11.93,938000000.0,2.69,30.90,4.10,2330000000.0,7.04,2700000000.0,2.96,14.46,1260000000.0,1.81,0.23,83.50,2780000.0,1.20,0.80,3300000.0,underperform
3,2004-04-13 04:20:10,1081844410.0,aa,34.26,0.0,1129.439941,0.0,0.0,0.595,24.92,1.33,2.41,6.40,8.44,4.52,10.66,25.638,29780000000.0,36340000000.0,12.98,1.26,1.65,10.8,1.65,4019999999.9999995,10.8,1190000000.0,1.375,53.70,11.40,459000000.0,0.53,7310000000.0,1.374,14.078,2530000000.0,1.808,1.00,79.36,12540000.0,2.497,1.46,12700000.0,underperform
4,2004-09-09 16:15:45,1094760945.0,aa,32.89,-3.9988324576765835,1118.380005,-0.9792407368033841,-3.0195917208731995,0.561,20.88,1.26,2.34,7.04,9.46,5.08,11.87,25.984,28610000000.0,35240000000.0,12.75,1.43,1.56,9.7,1.56,4019999999.9999995,9.7,1370000000.0,1.575,53.70,11.40,466000000.0,0.54,6880000000.0,1.372,14.049,1780000000.0,1.676,1.00,76.64,7780000.0,1.935,0.90,7930000.0,underperform
5,2004-11-24 10:37:20,1101310640.0,aa,33.58,-1.9848219497956794,1181.76001,4.6323905416056,-6.61721249140128,0.53,21.15,1.26,2.34,7.01,9.57,5.13,11.58,26.536,29230000000.0,35370000000.0,13.49,1.47,1.52,9.53,1.52,4019999999.9999995,9.53,1390000000.0,1.588,53.70,11.40,561000000.0,0.64,6650000000.0,1.293,14.36,2140000000.0000002,1.736,1.04,77.19,9910000.0,2.209,1.15,10140000.0,underperform
6,2004-12-05 00:36:42,1102225002.0,aa,32.86,-4.086398131932278,1190.329956,5.391168913867899,-9.477567045800178,0.53,20.69,1.25,2.33,7.01,9.57,5.13,11.58,26.536,28600000000.0,34750000000.0,13.20,1.50,1.49,9.36,1.49,4019999999.9999995,9.36,1390000000.0,1.588,53.70,11.40,561000000.0,0.64,6650000000.0,1.293,14.36,2140000000.0000002,1.736,1.04,77.11,9910000.0,2.209,1.15,10140000.0,underperform
7,2005-01-13 07:18:32,1105618712.0,aa,29.43,-14.098073555166371,1177.449951,4.250780254635953,-18.348853809802325,0.457,18.43,1.10,1.95,7.02,9.39,5.12,11.17,26.757,25630000000.0,31510000000.0,11.96,1.12,1.34,8.57,1.34,4019999999.9999995,8.57,1400000000.0,1.597,53.70,11.40,457000000.0,0.52,6080000000.0,1.322,15.207,2140000000.0000002,1.611,1.04,77.16,12810000.0,2.918,1.49,9910000.0,underperform
8,2005-02-07 03:48:37,1107766117.0,aa,29.37,-14.27320490367775,1201.719971,6.399634666364247,-20.672839570041997,0.457,18.39,1.08,1.92,7.02,9.39,5.12,11.17,26.757,25580000000.0,31260000000.0,11.89,1.39,1.33,8.5,1.33,4019999999.9999995,8.5,1400000000.0,1.60,53.70,11.40,457000000.0,0.52,6080000000.0,1.322,15.207,2140000000.0000002,1.611,1.04,75.67,11840000.0,1.892,1.37,12810000.0,underperform
9,2011-09-03 09:21:23,1315056083.0,aa,12.04,-64.85697606538237,1218.890015,7.919861052620579,-72.77683711800294,48.26,13.78,0.57,0.85,4.04,8.20,3.05,6.55,22.58,20950000000.0,20950000000.0,8.60,0.28,0.89,6.18,0.89,3840000000.0,6.18,949000000.0,0.87,136.80,27.00,1270000000.0,1.19,9350000000.0,1.36,14.66,20950000000.0,2.28,0.09,59.60,53730000.0,1.90,5.10,59140000.0,underperform
10,2011-11-02 22:04:47,1320285887.0,aa,10.7,-68.76824284880327,1237.900024,9.602996942357994,-78.37123979116126,50.93,11.23,0.45,0.74,4.31,8.64,3.41,7.22,23.44,19100000000.0,19100000000.0,10.39,0.34,0.78,5.29,0.78,3840000000.0,5.29,1060000000.0,0.95,182.00,21.40,1340000000.0,1.25,9310000000.0,1.36,13.97,19100000000.0,2.01,0.09,59.60,61460000.0,1.50,5.80,63780000.0,underperform
11,2011-11-05 21:29:24,1320542964.0,aa,10.93,-68.09690601284296,1237.900024,9.602996942357994,-77.69990295520095,50.93,11.47,0.47,0.78,4.31,8.64,3.41,7.22,23.44,19660000000.0,19660000000.0,10.61,0.34,0.80,5.45,0.80,3840000000.0,5.45,1060000000.0,0.95,182.00,21.40,1340000000.0,1.25,9310000000.0,1.36,13.97,19660000000.0,2.01,0.09,59.60,61460000.0,1.50,5.80,63780000.0,underperform
12,2012-01-02 19:42:06,1325551326.0,aa,8.65,-74.75189725627554,1257.599976,11.347220011232087,-86.09911726750762,50.93,9.08,0.37,0.62,4.31,8.64,3.41,7.22,23.44,17240000000.0,17240000000.0,9.83,0.47,0.70,4.78,0.70,3840000000.0,4.78,1060000000.0,0.95,182.00,21.40,1340000000.0,1.25,9310000000.0,1.36,13.97,2420000000.0,2.10,0.09,59.60,56860000.0,2.00,5.40,66180000.00000001,underperform
13,2012-05-19 11:51:52,1337442712.0,aa,8.65,-74.75189725627554,1324.800049,17.297078039141155,-92.0489752954167,55.28,23.10,0.36,0.64,1.59,5.79,2.23,3.00,23.48,17030000000.000002,17030000000.000002,8.60,1.16,0.68,5.80,0.68,4470000000.0,5.80,398000000.0,0.37,69.50,0.80,1760000000.0,1.65,9740000000.0,1.25,13.21,2190000000.0,1.96,0.06,63.40,72310000.0,2.70,6.80,71660000.0,underperform
14,2013-04-23 20:02:57,1366761777.0,aa,8.65,-74.75189725627554,1578.780029,39.78432776178932,-114.53622501806487,53.21,36.21,0.37,0.65,1.05,3.06,1.11,1.36,22.03,16070000000.0,16070000000.0,10.40,2.60,0.68,7.39,0.68,3210000000.0,7.39,244000000.0,0.22,58.50,2.90,1560000000.0,1.45,8920000000.0,1.20,12.50,1660000000.0,1.86,0.08,58.10,72710000.0,4.90,6.80,69110000.0,underperform
15,2013-04-26 20:55:15,1367024115.0,aa,8.65,-74.75189725627554,1582.23999,40.090670832757446,-114.842568089033,53.21,36.92,0.38,0.67,1.05,3.06,1.11,1.36,22.03,16399999999.999998,16399999999.999998,10.88,2.87,0.70,7.55,0.70,3210000000.0,7.55,244000000.0,0.22,58.50,2.90,1560000000.0,1.45,8920000000.0,1.20,12.50,1660000000.0,1.86,0.08,58.10,88680000.0,4.50,8.30,72710000.0,underperform
16,2004-06-03 01:20:38,1086240038.0,aapl,28.92,38.705035971223026,1116.640015,4.3861987503269635,34.318837220896064,2.921,63.70,1.49,2.33,2.36,2.31,2.54,3.95,19.326,10990000000.0,6070000000.0,37.08,2.89,0.85,21.08,0.85,1710000000.0,21.08,169000000.0,0.454,6.20,8.10,4590000000.0,12.09,2.921,2.921,12.042,361000000.0,1.701,1.06,66.12,11710000.0,1.978,3.12,17190000.0,outperform
17,2004-08-10 02:02:44,1092117764.0,aapl,30.3,45.32374100719424,1079.040039,0.8712624100387102,44.45247859715553,2.917,54.40,1.51,2.38,2.76,3.00,3.09,4.78,20.197,11750000000.0,6590000000.0,34.43,2.65,0.86,17.9,0.86,1710000000.0,17.9,211000000.0,0.557,6.20,8.10,4970000000.0,12.8,2.917,2.917,12.493,361000000.0,1.744,1.19,64.33,13030000.0,1.386,3.40,12480000.0,outperform
18,2004-10-12 05:40:57,1097574057.0,aapl,38.59,85.08393285371703,1121.839966,4.8723026972448675,80.21163015647217,2.917,69.28,1.98,3.13,2.76,3.00,3.09,4.78,20.197,14970000000.0,10190000000.0,41.05,3.38,1.33,27.68,1.33,1710000000.0,27.68,211000000.0,0.557,6.20,8.10,4970000000.0,12.8,2.917,2.917,12.493,564000000.0,1.802,1.19,67.52,14960000.0,2.196,3.90,12800000.0,outperform
19,2004-12-04 14:16:51,1102187811.0,aapl,62.68,200.62350119904076,1191.369995,11.372137316112614,189.25136388292816,2.632,88.41,3.08,5.03,3.33,3.94,3.86,6.02,21.419,24540000000.0,20060000000.0,37.09,2.21,2.42,61.54,2.42,1710000000.0,61.54,276000000.0,0.709,6.20,8.10,5460000000.0,13.96,2.632,2.632,12.968,564000000.0,1.775,1.26,72.07,19400000.0,1.508,5.02,12350000.0,outperform
20,2005-01-26 15:16:47,1106770607.0,aapl,71.94,245.03597122302153,1174.069946,9.754887057259594,235.28108416576194,2.581,57.83,2.99,5.03,5.20,6.71,6.62,10.37,24.517,29100000000.0,22700000000.0,30.35,1.71,2.33,34.66,2.33,2260000000.0,34.66,508000000.0,1.244,300.00,33.40,6450000000.0,15.94,2.581,2.581,14.312,934000000.0,1.81,1.47,71.08,14380000.0,0.892,3.61,19400000.0,outperform
21,2005-02-04 03:07:08,1107504428.0,aapl,77.81,273.18944844124695,1203.030029,12.46214538514959,260.72730305609736,2.581,62.55,3.30,5.56,5.20,6.71,6.62,10.37,24.517,31480000000.0,26090000000.0,32.83,1.92,2.67,32.09,2.67,2260000000.0,32.09,508000000.0,1.24,300.00,33.40,6450000000.0,15.78,2.581,2.581,14.312,934000000.0,1.81,1.54,68.75,15590000.0,0.761,3.88,14380000.0,outperform
22,2005-03-01 10:36:03,1109691363.0,aapl,44.86,115.15587529976017,1210.410034,13.152046032054496,102.00382926770567,2.581,72.01,1.86,3.11,5.20,6.71,6.63,10.37,12.259,18330000000.0,30210000000.0,18.24,2.06,3.09,37.16,3.09,2260000000.0,37.16,508000000.0,0.62,300.00,33.40,6450000000.0,7.89,2.581,2.581,14.312,1490000000.0,1.8,1.54,74.88,30650000.0,0.87,3.81,31180000.0,outperform
23,2013-08-11 02:30:32,1376202632.0,aapl,422.4,1925.899280575539,1697.47998,58.6845180064419,1867.214762569097,13.75,11.33,2.47,3.40,22.28,29.46,17.20,32.11,181.40,394500000000.0,394500000000.0,10.73,0.64,2.33,7.06,2.33,68660000000.0,7.06,37750000000.0,40.11,21.80,0.90,42680000000.0,46.97,16960000000.0,1.88,135.79,52890000000.0,0.87,0.04,62.00,26040000.0,2.10,2.80,27730000.0,outperform
24,2013-06-19 09:57:38,1371650258.0,abbv,422.4,0.0,1628.930054,0.0,0.0,512.61,12.88,3.72,23.32,28.92,36.65,18.41,71.43,11.73,76110000000.0,76110000000.0,13.48,2.05,4.11,9.69,4.11,13870000000.0,9.69,5360000000.0,3.38,9.60,3.70,7480000000.0,4.72,15160000000.0,2.21,1.87,5940000000.0,1.81,0.02,6.30,11400000.0,2.10,0.70,11000000.0,underperform
25,2004-01-28 07:37:34,1075293454.0,abc,56.36,-1.14015085072794,1128.47998,9.161608304330604,-10.301759155058544,0.429,14.10,0.12,1.52,0.90,1.78,3.76,11.95,432.868,6320000000.0,7780000000.0,12.20,0.91,0.15,8.01,0.15,2250000000.0,8.01,456960000.0,3.998,27.90,9.80,283220000.0,2.53,1770000000.0,1.452,36.89,354820000.0,0.123,2.00,84.35,5480000.0,2.458,4.98,5780000.0,underperform
26,2004-05-16 19:24:15,1084749855.0,abc,58.97,3.4379933345027203,1096.439941,6.062269149573535,-2.6242758150708143,0.412,14.05,0.13,1.55,0.93,1.78,3.94,12.09,441.08,6620000000.0,7710000000.0,13.08,0.95,0.15,7.75,0.15,2250000000.0,7.75,482700000.0,4.198,27.90,9.80,663760000.0,5.91,1750000000.0,1.365,37.967999,566770000.0,0.122,1.96,86.21,5400000.0,4.396,4.91,4860000.0,underperform
27,2004-10-20 01:31:26,1098250286.0,abc,52.1,-8.612524118575683,1103.660034,6.760692673211792,-15.373216791787474,0.331,12.13,0.11,1.36,0.95,1.77,4.06,12.00,445.314,5860000000.0,6510000000.0,12.58,0.91,0.12,6.5,0.12,2250000000.0,6.5,495930000.0,4.294,27.90,9.80,903170000.0,8.03,1460000000.0,1.39,39.075001,992100000.0,0.071,1.99,90.22,7530000.0,5.682,6.84,6800000.0,underperform
28,2005-01-08 07:45:42,1105188342.0,abc,57.9,1.5611296263813377,1183.73999,14.507092206059536,-12.945962579678199,0.332,14.25,0.11,1.47,0.88,1.63,3.89,11.09,451.509,6090000000.0,6670000000.0,12.87,1.08,0.13,7.08,0.13,2180000000.0,7.08,468390000.0,4.062,6.20,7.10,871340000.0,8.29,1440000000.0,1.359,39.556,825080000.0,0.033,1.73,95.00,8090000.0,5.677,7.83,8760000.0,underperform
29,2005-03-30 19:52:42,1112230362.0,abc,55.44,-2.753902824065954,1181.410034,14.281707840589156,-17.03561066465511,0.291,14.67,0.11,1.36,0.81,1.48,3.62,10.10,460.193,6160000000.0,6710000000.0,14.07,1.23,0.13,7.68,0.13,2180000000.0,7.68,430770000.0,3.78,6.20,7.10,529539999.99999994,4.77,1230000000.0,1.343,39.708,1400000000.0,0.024,1.18,93.01,5510000.0,4.345,5.02,4260000.0,underperform
30,2005-05-26 01:50:44,1117086644.0,abc,65.93,15.646377828451167,1197.619995,15.849751088738294,-0.20337326028712788,0.23,19.23,0.13,1.65,0.72,1.32,3.25,9.01,466.43,6870000000.0,14150000000.0,16.57,1.45,0.27,17.97,0.27,2180000000.0,17.97,385260000.0,3.43,6.20,7.10,1150000000.0,11.07,957800000.0,1.258,39.949001,688700000.0,0.031,1.06,95.00,7780000.0,4.636,7.54,6390000.0,underperform
31,2011-07-08 00:04:15,1310097855.0,abc,43.05,-24.486932117172426,1343.800049,29.99023216014719,-54.477164277319616,42.86,17.89,0.15,3.76,0.86,1.45,5.02,22.78,284.55,11240000000.0,11240000000.0,15.49,1.36,0.14,8.95,0.14,2360000000.0,8.95,679310000.0,2.41,18.40,2.40,1910000000.0,6.98,1340000000.0,1.10,11.45,11240000000.0,0.77,0.71,93.20,4820000.0,2.20,1.80,4410000.0,underperform
32,2012-02-28 18:01:38,1330470098.0,abc,43.05,-24.486932117172426,1372.180054,32.73552409654906,-57.222456213721486,66.41,14.57,0.12,3.35,0.88,1.54,5.16,24.15,300.87,9280000000.0,9280000000.0,11.91,1.06,0.12,6.78,0.12,2540000000.0,6.78,708240000.0,2.59,1.00,2.40,2370000000.0,9.19,1930000000.0,1.06,11.24,1700000000.0,0.77,0.73,96.50,6160000.0,2.70,2.40,5580000.0,underperform
33,2013-04-25 01:02:00,1366866120.0,abc,43.05,-24.486932117172426,1585.160034,53.33778338822401,-77.82471550539644,59.73,19.22,0.16,5.54,0.90,1.58,5.07,27.11,327.31,13850000000.0,13850000000.0,15.17,1.52,0.17,9.69,0.17,2670000000.0,9.69,710450000.0,2.90,4.00,5.70,417400000.0,1.81,1400000000.0,0.96,10.16,632040000.0,0.66,0.18,93.60,8500000.0,3.00,3.70,10490000.0,underperform
34,2004-09-20 13:31:02,1095701462.0,abt,42.92,0.0,1122.199951,0.0,0.0,0.543,21.75,3.40,5.22,15.73,19.08,11.53,24.56,12.54,67000000000.0,71550000000.0,17.10,1.57,3.63,13.98,3.63,10210000000.0,13.98,3100000000.0,1.973,1.40,11.30,2420000000.0,1.55,6970000000.0,1.378,8.216,4480000000.0,0.259,6.63,61.02,10380000.0,3.621,0.71,9490000.0,underperform
35,2004-10-23 22:48:08,1098586088.0,abt,40.86,-4.7996272134203215,1103.660034,-1.6521045989601955,-3.147522614460126,0.543,20.44,3.28,5.00,16.08,19.08,11.58,24.54,12.427,63790000000.0,68330000000.0,16.21,1.52,3.49,13.35,3.49,10210000000.0,13.35,3150000000.0,1.999,1.40,11.30,2420000000.0,1.55,6970000000.0,1.378,8.216,4480000000.0,0.23,6.63,60.92,9890000.0,3.561,0.68,10380000.0,underperform
36,2005-01-25 12:44:11,1106675051.0,abt,45.93,7.013047530288905,1168.410034,4.117811888943839,2.8952356413450655,0.508,23.31,3.66,5.53,16.36,20.14,11.37,24.10,12.04,71530000000.0,76200000000.0,16.70,1.54,4.03,14.54,4.03,10210000000.0,14.54,3100000000.0,1.97,1.40,11.30,1910000000.0,1.23,6580000000.0,1.4,8.319,4250000000.0,0.246,6.63,61.38,10790000.0,2.584,0.74,9690000.0,outperform
37,2005-02-28 19:21:54,1109636514.0,abt,45.61,6.267474370922642,1203.599976,7.253611526846333,-0.9861371559236911,0.508,23.15,3.81,5.56,16.36,20.14,11.37,24.10,12.04,71030000000.0,76730000000.0,16.59,1.69,4.05,14.64,4.05,10210000000.0,14.64,3100000000.0,1.97,1.40,11.30,1910000000.0,1.23,6580000000.0,1.4,8.319,4250000000.0,0.216,6.63,67.36,7110000.0,1.952,0.49,10790000.0,underperform
38,2012-03-30 05:44:15,1333100655.0,abt,56.23,31.011183597390477,1408.469971,25.509715959700653,5.501467637689824,62.85,20.26,2.47,3.93,12.17,20.90,8.40,20.00,24.94,103200000000.0,103200000000.0,11.42,1.47,2.66,9.24,2.66,23310000000.0,9.24,4710000000.0,3.01,12.30,4.10,8100000000.0,5.15,15410000000.0,1.54,15.56,8970000000.0,0.23,0.14,65.70,21610000.0,3.10,1.40,19840000.0,outperform
39,2013-08-18 07:12:45,1376824365.0,abt,56.23,31.011183597390477,1661.319946,48.04134900554812,-17.030165408157643,35.38,13.95,1.36,2.44,10.02,22.40,10.72,26.48,25.52,52890000000.0,52890000000.0,15.68,1.47,1.32,4.58,1.32,24750000000.0,4.58,6190000000.0,2.51,72.40,2.50,9390000000.0,6.04,7930000000.0,1.82,14.37,6200000000.0,0.50,0.16,67.00,10200000.0,1.40,0.70,8520000.0,underperform
40,2011-08-11 20:49:00,1313110140.0,ace,63.42,62.19948849104859,1172.640015,8.644176250210302,53.55531224083829,27.70,8.52,1.23,0.83,15.54,19.58,2.36,11.17,48.24,23530000000.0,23530000000.0,8.49,1.10,1.44,7.31,1.44,5730000000.0,7.31,2540000000.0,7.44,10.30,13.10,3210000000.0,9.51,6680000000.0,0.72,71.36,23530000000.0,0.61,0.19,3.30,2370000.0,1.30,0.80,2200000.0,outperform
41,2013-04-23 04:24:03,1366705443.0,ace,63.42,62.19948849104859,1578.780029,46.272729513659094,15.926758977389497,24.94,11.31,1.68,1.10,15.09,17.60,2.19,10.44,52.78,33990000000.000004,33990000000.000004,11.06,1.50,1.90,10.60,1.90,5320000000.0,10.60,2710000000.0,7.89,4.10,3.30,3090000000.0,9.10,6860000000.0,0.93,80.90,4000000000.0,0.79,0.34,93.10,2230000.0,1.90,0.70,2610000.0,outperform
42,2013-05-16 15:08:57,1368731337.0,ace,63.42,62.19948849104859,1650.469971,52.9147463256262,9.284742165422394,27.94,11.84,1.75,1.13,14.88,17.34,2.13,10.07,53.02,35220000000.0,35220000000.0,11.37,1.39,1.95,11.06,1.95,5320000000.0,11.06,2690000000.0,7.83,2.10,2.60,3750000000.0,11.02,7810000000.0,0.41,82.17,4340000000.0,0.79,0.34,93.10,2270000.0,1.60,0.70,2600000.0,outperform
43,2005-03-30 06:50:28,1112183428.0,aci,41.15,33.69070825211175,1181.410034,10.614770126609459,23.07593812550229,0.936,22.02,1.35,2.47,5.73,3.92,3.92,11.81,31.153,2580000000.0,3380000000.0,11.96,3.83,1.70,13.83,1.70,438460000.0,13.83,106520000.0,1.87,581.40,33.30,323170000.0,5.15,1010000000.0,1.949,17.375999,146730000.0,0.035,0.67,95.00,7740000.0,4.298,12.42,6890000.0,outperform
44,2011-08-18 01:16:41,1313644601.0,aci,19.7,-35.997400909681616,1140.650024,6.798432862871357,-42.795833772552974,118.77,20.59,1.23,1.20,4.62,12.59,3.65,5.69,21.08,8400000000.0,8400000000.0,5.24,0.38,2.41,10.08,2.41,790460000.0,10.08,161180000.0,0.96,83.30,28.90,82350000.0,0.39,4200000000.0,1.24,16.73,8400000000.0,1.83,0.73,89.30,6310000.0,1.10,5.00,7820000.0,underperform
45,2004-12-10 06:26:24,1102677984.0,acn,26.2,4.590818363273447,1188.0,12.948149700097144,-8.357331336823696,0.023,21.49,1.65,16.89,8.09,11.64,16.38,54.30,15.096,24570000000.0,22060000000.0,16.90,1.25,1.46,10.94,1.46,4310000000.0,10.94,690830000.0,1.219,103.40,2.20,2840000000.0,3.03,33880000.0,1.381,1.57,1800000000.0,1.702,6.45,36.09,2420000.0,0.523,0.28,2029999.9999999998,underperform
46,2005-02-10 03:10:56,1108023056.0,acn,25.51,1.8363273453093847,1197.01001,13.804769193598295,-11.96844184828891,0.023,21.00,1.56,13.88,7.74,10.95,15.15,48.93,15.748,23970000000.0,21460000000.0,16.25,1.19,1.37,10.97,1.37,4620000000.0,10.97,712760000.0,1.22,38.70,12.80,2870000000.0,3.05,40000000.0,1.45,1.862,1570000000.0,1.686,6.38,36.29,2780000.0,0.979,0.32,2640000.0,underperform
47,2005-04-04 05:07:40,1112605660.0,acn,24.44,-2.43512974051896,1176.119995,11.818667727725174,-14.253797468244134,0.023,20.12,1.45,12.97,7.74,10.95,15.15,48.93,15.748,22960000000.0,20140000000.0,15.57,1.11,1.29,10.29,1.29,4620000000.0,10.29,712760000.0,1.22,38.70,12.80,2870000000.0,3.05,40000000.0,1.45,1.862,1570000000.0,1.671,6.38,38.48,4690000.0,1.752,0.53,4450000.0,underperform
48,2011-09-01 16:51:37,1314910297.0,acn,53.62,114.05189620758482,1204.420044,14.509272248745441,99.54262395883937,0.11,17.02,1.33,9.32,8.12,12.83,15.56,62.34,40.45,29280000000.0,29280000000.0,14.11,1.46,1.13,7.64,1.13,7250000000.0,7.64,2109999999.9999998,3.15,28.00,20.60,5260000000.0,8.16,4620000.0,1.51,5.75,29280000000.0,0.79,45.71,73.70,12350000.0,1.80,1.90,11590000.0,outperform
49,2011-11-08 00:40:19,1320730819.0,acn,58.0,131.5369261477046,1275.920044,21.30707755476981,110.2298485929348,0.10,17.07,1.36,9.63,8.33,12.97,15.52,66.97,42.37,31630000000.0,31630000000.0,13.74,1.44,1.16,7.79,1.16,8390000000.000001,7.79,2280000000.0,3.40,37.40,23.00,5710000000.0,8.90,4420000.0,1.45,6.05,31630000000.0,0.82,45.71,73.70,11830000.0,1.90,1.90,11120000.0,outperform
50,2012-02-29 00:47:01,1330494421.0,acn,58.0,131.5369261477046,1365.680054,29.8409387050747,101.6959874426299,0.15,16.81,1.36,10.21,8.38,13.00,16.43,70.63,43.97,33520000000.000004,33520000000.000004,14.19,1.40,1.18,7.93,1.18,8390000000.000001,7.93,2390000000.0,3.55,20.10,17.10,5100000000.0,7.88,6380000.0,1.45,5.84,3810000000.0,0.86,0.30,81.40,8510000.0,1.80,1.30,8870000.0,outperform
51,2012-11-04 02:11:28,1352013088.0,acn,58.0,131.5369261477046,1427.589966,35.72697406576144,95.80995208194317,0.00,17.68,1.85,10.51,9.16,13.90,14.94,62.95,43.32,44320000000.0,44320000000.0,14.54,1.41,1.59,10.58,1.59,8990000000.0,10.58,2550000000.0,3.84,5.50,2.20,6640000000.0,8.85,0.00,1.55,6.55,4260000000.0,1.23,0.28,81.30,5320000.0,1.40,0.80,6050000.0,outperform
52,2013-04-23 04:45:22,1366706722.0,acn,58.0,131.5369261477046,1578.780029,50.10124836617484,81.43567778152976,0.00,17.47,1.72,8.91,10.85,14.12,15.51,61.32,43.98,42950000000.0,42950000000.0,16.05,1.55,1.52,9.92,1.52,8990000000.0,9.92,3070000000.0,4.29,71.10,3.80,5640000000.0,8.67,0.00,1.63,8.39,3450000000.0,1.27,0.30,82.10,6610000.0,2.50,1.00,7310000.0,outperform
53,2013-05-10 03:17:29,1368170249.0,acn,58.0,131.5369261477046,1633.699951,55.32271601901463,76.21421012868998,0.00,18.67,1.84,9.53,10.85,14.12,15.51,61.32,43.98,46040000000.0,46040000000.0,17.15,1.63,1.63,10.64,1.63,8990000000.0,10.64,3070000000.0,4.29,71.10,3.80,5640000000.0,8.67,0.00,1.63,8.39,3450000000.0,1.27,0.30,82.10,6850000.0,2.40,1.10,6610000.0,outperform
54,2004-08-21 23:10:00,1093144200.0,adbe,46.09,21.16193480546794,1095.170044,-4.263326705540752,25.425261511008692,3.526,29.72,7.19,8.61,25.17,33.92,25.33,36.21,6.174,11050000000.0,9770000000.0,25.46,1.79,6.47,17.27,6.47,1200000000.0,17.27,380310000.0,1.551,39.20,11.20,1280000000.0,5.34,3.526,3.526,5.264,558160000.0,1.463,1.91,83.27,9150000.0,3.026,3.89,8100000.0,outperform
55,2004-11-12 17:19:37,1100297977.0,adbe,58.1,52.733964248159836,1184.170044,3.5168020241370233,49.217162224022815,3.1,34.06,8.74,11.37,26.34,35.14,26.31,37.06,6.475,13860000000.0,12800000000.0,29.79,2.17,8.02,20.77,8.02,1200000000.0,20.77,420250000.0,1.706,39.20,11.20,1140000000.0,4.78,3.1,3.1,5.137,621520000.0,1.458,1.90,82.95,6930000.0,2.476,2.96,8310000.000000001,outperform
56,2005-02-07 16:20:07,1107811207.0,adbe,63.67,67.3764458464774,1201.719971,5.05096709443419,62.3254787520432,3.436,35.00,9.16,10.78,27.02,35.51,26.01,36.15,6.73,15190000000.0,14310000000.0,28.81,2.12,8.59,21.93,8.59,1560000000.0,21.93,450400000.0,1.82,39.20,11.20,1310000000.0,5.38,3.436,3.436,5.934,621520000.0,1.519,10.85,80.71,6930000.0,2.587,3.18,6620000.0,outperform
57,2005-04-05 04:12:22,1112688742.0,adbe,66.58,75.02628811777076,1181.390015,3.2737797377073887,71.75250838006338,3.511,34.70,9.47,9.99,27.93,34.92,25.97,35.48,6.882,16200000000.0,14780000000.0,28.45,2.09,8.61,22.34,8.61,1560000000.0,22.34,479260000.0,1.92,69.10,28.70,1470000000.0,6.03,3.511,3.511,6.682,683740000.0,1.615,0.79,83.16,5780000.0,2.594,2.40,5350000.0,outperform
58,2011-04-24 04:02:44,1303632164.0,adbe,33.48,-11.987381703470037,1337.380005,16.909984262888837,-28.897365966358876,28.03,19.80,4.28,3.14,22.23,28.48,8.69,16.65,7.72,15770000000.0,15770000000.0,13.18,1.06,3.97,11.10,3.97,3400000000.0,11.10,882120000.0,1.69,84.50,19.70,2640000000.0,5.23,1520000000.0,3.40,10.74,15770000000.0,1.51,0.43,86.30,16149999.999999998,2.30,3.20,15260000.0,underperform
59,2011-08-05 04:11:46,1312531906.0,adbe,26.15,-31.25657202944269,1199.380005,4.84641387305139,-36.10298590249408,28.17,14.01,3.34,2.51,23.78,28.84,8.93,18.22,7.98,12410000000.0,12410000000.0,10.18,1.01,3.07,8.56,3.07,3400000000.0,8.56,962940000.0,1.87,54.40,8.50,2630000000.0,5.32,1520000000.0,3.23,10.92,12410000000.0,1.54,0.43,86.30,13350000.0,2.00,2.60,13890000.0,underperform
60,2011-10-18 13:47:26,1318960046.0,adbe,26.24,-31.019978969505786,1225.380005,7.119260468238156,-38.13923943774394,27.25,14.37,3.16,2.32,22.79,28.13,8.71,17.43,8.12,11680000000.0,11680000000.0,10.29,0.91,2.87,8.23,2.87,3400000000.0,8.23,927980000.0,1.83,15.20,2.30,2720000000.0,5.54,1520000000.0,3.36,11.29,11680000000.0,1.56,0.43,86.30,17400000.0,2.40,3.50,17780000.0,underperform
61,2012-03-24 12:13:07,1332605587.0,adbe,26.24,-31.019978969505786,1402.890015,22.636684385163875,-53.65666335466966,25.26,21.69,3.93,2.78,18.51,27.90,8.47,13.73,8.55,15450000000.0,15450000000.0,12.76,1.49,3.65,10.62,3.65,3780000000.0,10.62,783470000.0,1.56,21.10,1.70,2770000000.0,5.60,1510000000.0,3.14,12.12,1530000000.0,1.61,5.44,87.30,13180000.0,3.40,2.70,13930000.0,underperform
62,2012-07-02 04:31:22,1341217882.0,adbe,26.24,-31.019978969505786,1365.51001,19.369029881613326,-50.389008851119115,24.76,20.91,3.54,2.52,17.94,27.87,8.53,13.54,8.78,14430000000.0,14430000000.0,12.22,1.44,3.33,9.67,3.33,3780000000.0,9.67,777910000.0,1.55,2.40,9.90,3000000000.0,6.10,1510000000.0,3.03,12.35,1580000000.0,1.32,6.54,85.80,15120000.0,3.90,3.10,16140000.0,underperform
63,2004-05-12 18:46:27,1084401987.0,adi,45.04,-10.811881188118813,1097.280029,-3.643403871837083,-7.168477316281729,6.053,49.06,7.97,5.07,16.25,20.38,7.46,11.15,5.663,16829999999.999998,15120000000.0,22.52,1.46,6.92,33.84,6.92,1120000000.0,33.84,355130000.0,0.918,183.30,19.90,2310000000.0,6.17,6.053,6.053,9.198,519360000.0,2.687,1.52,79.83,7640000.0,2.365,2.08,7180000.0,underperform
64,2004-06-22 09:09:13,1087909753.0,adi,45.03,-10.831683168316829,1134.410034,-0.38286799998474985,-10.448815168332079,5.778,40.35,7.28,4.78,18.48,23.06,9.37,13.19,6.058,16920000000.000002,14380000000.0,20.10,1.25,6.09,26.34,6.09,1120000000.0,26.34,436400000.0,1.116,183.30,19.90,2540000000.0,6.76,5.778,5.778,9.575,648600000.0,2.715,1.53,82.04,6910000.0,1.735,1.87,7640000.0,underperform
65,2004-08-10 02:07:28,1092118048.0,adi,35.92,-28.87128712871287,1079.040039,-5.24513114597098,-23.62615598274189,5.778,32.19,5.76,3.78,18.48,23.06,9.37,13.19,6.058,13500000000.0,11060000000.0,16.04,0.99,4.68,20.26,4.68,1120000000.0,20.26,436400000.0,1.116,183.30,19.90,2540000000.0,6.76,5.778,5.778,9.575,648600000.0,2.647,1.53,81.98,6850000.0,1.84,1.85,7900000.0,underperform
66,2004-11-11 09:56:15,1100184975.0,adi,38.5,-23.762376237623762,1173.47998,3.0480219351050475,-26.81039817272881,6.081,28.75,5.83,3.95,20.57,25.51,11.51,15.24,6.522,14570000000.0,11880000000.0,25.16,1.33,4.64,18.14,4.64,1120000000.0,18.14,526500000.0,1.339,183.30,19.90,2690000000.0,7.11,6.081,6.081,9.991,648600000.0,2.739,1.53,81.08,10960000.0,2.55,2.94,11000000.0,underperform
67,2005-01-24 03:34:28,1106555668.0,adi,34.47,-31.742574257425744,1163.75,2.1935930487527298,-33.936167306178476,6.223,23.74,4.94,3.43,21.67,26.55,12.77,15.94,6.704,12960000000.0,10270000000.0,20.52,1.36,3.90,14.63,3.90,1550000000.0,14.63,570740000.0,1.452,91.30,28.60,2680000000.0,7.14,6.223,6.223,10.11,778040000.0,2.443,1.53,82.09,8740000.0,1.974,2.36,11190000.0,underperform
68,2005-03-17 01:05:45,1111039545.0,adi,35.92,-28.87128712871287,1190.209961,4.517149213324047,-33.38843634203692,6.453,25.08,5.22,3.65,21.52,26.00,12.28,15.29,6.661,13380000000.0,11020000000.0,22.04,1.59,4.23,16.2,4.23,1550000000.0,16.2,561340000.0,1.43,91.30,28.60,2600000000.0,6.98,6.453,6.453,10.025,703270000.0,2.582,1.67,81.54,8700000.0,2.413,2.37,8740000.0,underperform
69,2005-04-08 23:33:20,1113017600.0,adi,35.67,-29.366336633663366,1181.199951,3.725943803824422,-33.09228043748779,6.453,24.91,5.15,3.60,21.52,26.00,12.28,15.29,6.661,13290000000.0,10850000000.0,21.88,1.57,4.16,15.94,4.16,1550000000.0,15.94,561340000.0,1.43,91.30,28.60,2600000000.0,6.98,6.453,6.453,10.025,703270000.0,2.77,1.67,80.82,8900000.0,2.407,2.43,8700000.0,underperform
70,2011-08-05 04:12:35,1312531955.0,adi,31.63,-37.366336633663366,1199.380005,5.3224078554509235,-42.68874448911429,25.32,10.94,3.34,2.80,29.52,36.38,15.06,27.25,10.07,7510000000.0,7510000000.0,10.44,1.15,2.50,6.19,2.50,1800000000.0,6.19,881920000.0,2.89,44.70,18.30,3430000000.0,11.45,906930000.0,7.30,11.96,7510000000.0,1.04,1.93,85.10,6320000.0,1.80,2.10,6350000.0,underperform
71,2012-03-19 11:50:51,1332172251.0,adi,31.63,-37.366336633663366,1409.75,23.795847734031504,-61.16218436769487,22.65,15.56,4.06,3.08,26.94,34.36,12.67,21.78,9.74,9030000000.0,9030000000.0,14.60,2.04,3.10,8.08,3.10,1990000000.0,8.08,784670000.0,2.55,37.20,11.00,3670000000.0,12.31,870160000.0,8.82,12.90,898600000.0,1.19,1.97,85.40,4480000.0,1.60,1.50,5010000.0,underperform
72,2013-04-22 02:24:41,1366611881.0,adi,31.63,-37.366336633663366,1562.5,37.20944286889464,-74.575779502558,17.57,20.28,4.84,3.00,24.04,30.44,9.26,15.75,8.91,9730000000.0,9730000000.0,15.87,5.94,3.64,10.54,3.64,1740000000.0,10.54,643080000.0,2.09,5.90,4.00,3990000000.0,13.03,759670000.0,9.47,14.13,757690000.0,1.07,1.00,87.80,4670000.0,2.30,1.50,5320000.0,underperform
73,2013-05-11 12:07:46,1368288466.0,adi,31.63,-37.366336633663366,1632.689941,43.37310539664542,-80.7394420303088,17.57,22.40,5.30,3.28,24.04,30.44,9.26,15.75,8.91,10960000000.0,10960000000.0,17.52,6.51,4.10,11.87,4.10,1740000000.0,11.87,643080000.0,2.09,5.90,4.00,3990000000.0,13.03,759670000.0,9.47,14.13,757690000.0,1.06,1.00,87.80,3880000.0,1.60,1.30,4670000.0,underperform
74,2004-04-14 16:44:25,1081975465.0,adm,16.81,16.091160220994464,1128.170044,6.578936174894283,9.512224046100181,0.789,18.64,0.33,1.45,1.76,2.69,3.23,8.19,51.297,10890000000.0,15790000000.0,15.01,1.72,0.48,10.07,0.48,1730000000.0,10.07,582830000.0,0.902,11.70,30.90,1250000000.0,1.93,6000000000.0,1.523,11.738,673600000.0,0.393,9.61,64.81,5340000.0,1.937,0.91,4890000.0,outperform
75,2004-06-19 13:33:48,1087666428.0,adm,16.28,12.43093922651934,1133.560059,7.088134294204316,5.342804932315024,0.848,15.20,0.31,1.34,2.01,3.02,3.71,9.46,53.402,10580000000.0,15540000000.0,14.03,1.74,0.45,8.99,0.45,1730000000.0,8.99,692790000.0,1.071,11.70,30.90,1690000000.0,2.59,6690000000.0,1.512,12.129,305290000.0,0.383,9.61,64.94,4670000.0,2.005,0.80,3510000.0,outperform
76,2004-11-30 07:08:52,1101816532.0,adm,21.23,46.61602209944751,1173.819946,10.891511231751752,35.72451086769576,0.613,22.59,0.37,1.76,1.64,2.52,3.15,7.97,57.207,13900000000.0,17320000000.0,14.25,2.28,0.47,10.67,0.47,2150000000.0,10.67,610830000.0,0.94,9.70,17.70,1420000000.0,2.17,4850000000.0,1.605,12.075,860610000.0,0.397,13.63,65.48,3440000.0,1.062,0.61,3570000.0,outperform
77,2005-01-26 00:58:06,1106719086.0,adm,22.65,56.42265193370164,1174.069946,10.915128889555579,45.507523044146055,0.613,24.10,0.40,1.89,1.64,2.52,3.15,7.97,57.207,14820000000.0,18380000000.0,15.00,2.37,0.49,11.32,0.49,2150000000.0,11.32,610830000.0,0.94,9.70,17.70,1420000000.0,2.17,4850000000.0,1.605,12.075,860610000.0,0.452,13.63,65.03,4540000.0,2.221,0.80,5080000.0,outperform
78,2005-02-08 21:21:16,1107915676.0,adm,23.71,63.74309392265194,1202.300049,13.58204453923904,50.161049383412895,0.613,25.22,0.42,1.99,1.64,2.52,3.15,7.97,57.207,15520000000.0,19120000000.0,15.10,1.79,0.51,11.78,0.51,2150000000.0,11.78,610830000.0,0.94,9.70,17.70,1420000000.0,2.17,4850000000.0,1.605,12.075,860610000.0,0.428,13.63,64.67,4540000.0,2.221,0.80,5080000.0,outperform
79,2005-02-14 20:39:46,1108431586.0,adm,24.5,69.1988950276243,1206.140015,13.944808551104405,55.2540864765199,0.528,22.73,0.43,2.01,1.90,2.69,3.56,8.88,56.837,16040000000.0,19170000000.0,15.61,1.80,0.52,11.42,0.52,2150000000.0,11.42,703510000.0,1.08,9.70,17.70,1250000000.0,1.9,4510000000.0,1.741,12.075,860610000.0,0.428,13.64,64.80,4540000.0,2.221,0.80,5080000.0,outperform
80,2011-07-29 19:09:22,1311980962.0,adm,30.64,111.60220994475138,1292.280029,22.082510046580833,89.51969989817054,85.48,9.43,0.27,1.18,2.86,3.56,4.30,13.25,114.86,32290000000.0,32290000000.0,9.09,0.96,0.44,9.17,0.44,3840000000.0,9.17,2100000000.0,3.25,37.30,32.60,1620000000.0,2.54,14260000000.0,1.74,26.10,32290000000.0,0.28,2.14,71.40,10470000.0,1.70,1.70,10740000.0,outperform
81,2011-08-05 04:13:27,1312532007.0,adm,28.05,93.71546961325967,1199.380005,13.30618613938254,80.40928347387714,85.48,8.64,0.26,1.14,2.86,3.56,4.30,13.25,114.86,31540000000.0,31540000000.0,7.84,0.85,0.43,8.96,0.43,3840000000.0,8.96,2100000000.0,3.25,37.30,32.60,1620000000.0,2.54,14260000000.0,1.74,26.10,31540000000.0,0.26,2.14,71.40,10470000.0,1.70,1.70,10740000.0,outperform
82,2011-09-28 04:29:00,1317198540.0,adm,25.77,77.9696132596685,1151.060059,8.7413703404724,69.2282429191961,54.78,8.23,0.21,0.92,2.52,3.34,4.55,12.06,125.66,26220000000.0,26220000000.0,7.49,0.82,0.33,7.35,0.33,4300000000.0,7.35,2040000000.0,3.13,14.60,45.60,1350000000.0,2.00,10320000000.0,2.08,27.82,26220000000.0,0.29,2.14,71.40,13680000.0,1.60,2.20,12800000.0,outperform
83,2011-12-31 04:39:51,1325324391.0,adm,28.6,97.51381215469614,1249.640015,18.054281008970786,79.45953114572535,51.59,8.76,0.22,1.04,2.51,3.37,4.66,12.65,131.92,26870000000.0,26870000000.0,8.51,1.15,0.31,7.22,0.31,4300000000.0,7.22,2150000000.0,3.26,33.30,30.40,1830000000.0,2.73,9500000000.0,1.88,27.52,618000000.0,0.63,2.14,71.40,9980000.0,2.20,1.50,11030000.0,outperform
84,2012-07-28 11:39:41,1343489981.0,adm,28.6,97.51381215469614,1337.890015,26.391314213722694,71.12249794097345,55.68,13.83,0.20,0.98,1.48,2.58,3.36,7.54,134.59,27220000000.0,27220000000.0,9.70,1.11,0.31,8.67,0.31,4300000000.0,8.67,1320000000.0,1.99,31.00,5.40,1250000000.0,1.89,10330000000.0,1.84,27.81,4670000000.0,0.77,2.11,8.10,7370000.0,1.30,1.10,6300000.0,outperform
85,2013-06-07 17:17:34,1370639854.0,adm,28.6,97.51381215469614,1643.380005,55.251146398984204,42.262665755711936,46.71,17.53,0.24,1.14,1.37,1.84,2.46,6.70,138.08,28470000000.0,28470000000.0,10.95,1.61,0.31,11.15,0.31,3670000000.0,11.15,1240000000.0,1.89,32.60,2.70,1630000000.0,2.48,8860000000.0,1.73,28.76,3470000000.0,0.76,2.18,74.60,8820000.0,2.00,1.40,8570000.0,outperform
86,2004-05-12 18:03:39,1084399419.0,adp,45.7,0.0,1097.280029,0.0,0.0,0.015,29.11,3.65,4.92,12.40,19.84,4.31,17.45,12.644,26980000000.0,26510000000.0,26.42,2.93,3.50,14.61,3.50,4050000000.0,14.61,940350000.0,1.57,7.50,2.00,1230000000.0,2.08,82050000.0,1.553,9.526,1510000000.0,1.073,1.99,72.48,6230000.0,2.9,1.08,6970000.0,underperform
87,2011-08-05 04:11:51,1312531911.0,adp,47.88,4.770240700218817,1199.380005,9.304824046879649,-4.534583346660831,0.57,19.00,2.49,4.09,12.70,18.47,3.73,21.83,20.02,23170000000.0,23170000000.0,15.75,1.66,2.34,10.81,2.34,3900000000.0,10.81,1250000000.0,2.52,16.30,14.50,1430000000.0,2.88,34200000.0,1.07,12.15,23170000000.0,0.64,0.17,74.70,4950000.0,1.90,1.00,5330000.0,underperform
88,2012-01-04 00:07:51,1325653671.0,adp,54.46,19.16849015317286,1277.300049,16.406023552990405,2.7624666001824565,0.61,21.19,2.59,4.38,12.57,18.19,3.93,21.71,20.65,25160000000.0,25160000000.0,17.97,1.95,2.47,11.58,2.47,4150000000.0000005,11.58,1280000000.0,2.57,8.70,13.10,1270000000.0,2.60,36500000.0,1.10,12.33,1800000000.0,0.74,0.17,74.70,5070000.0,2.10,1.00,6240000.0,outperform
89,2012-04-20 21:07:33,1334970453.0,adp,54.46,19.16849015317286,1378.530029,25.63156100237381,-6.46307084920095,0.58,20.31,2.59,4.32,12.98,18.17,3.61,22.47,21.07,25480000000.0,25480000000.0,18.22,1.99,2.46,11.58,2.46,4150000000.0000005,11.58,1340000000.0,2.71,20.90,7.40,1360000000.0,2.76,36000000.0,1.08,12.64,1810000000.0,0.77,0.17,75.80,4800000.0,2.30,1.00,3930000.0,underperform
90,2012-07-26 00:02:28,1343275348.0,adp,54.46,19.16849015317286,1360.02002,23.944661714060953,-4.776171560888091,0.27,19.95,2.56,4.19,13.02,19.32,3.14,21.69,21.53,25350000000.0,25350000000.0,18.53,2.10,2.41,10.77,2.41,4150000000.0000005,10.77,1370000000.0,2.78,6.70,6.80,1690000000.0,3.46,17300000.0,1.07,13.20,1900000000.0,0.84,0.16,75.90,5550000.0,2.50,1.10,5650000.0,underperform
91,2013-02-06 18:15:11,1360192511.0,adp,54.46,19.16849015317286,1512.119995,37.80620762578374,-18.63771747261088,7.29,21.34,2.75,4.71,12.87,18.89,4.39,22.59,22.23,29030000000.0,29030000000.0,18.95,2.22,2.69,12.28,2.69,4430000000.0,12.28,1390000000.0,2.83,0.90,5.90,1150000000.0,2.38,459000000.0,1.07,13.00,1530000000.0,0.83,0.19,76.00,4480000.0,2.30,0.90,3760000.0,underperform
92,2013-04-23 04:13:36,1366704816.0,adp,54.46,19.16849015317286,1578.780029,43.881232436063954,-24.712742282891092,0.46,22.85,3.01,4.94,13.39,15.10,3.01,21.78,21.66,30250000000.0,30250000000.0,20.60,2.45,2.88,15.85,2.88,4430000000.0,15.85,1370000000.0,2.87,4.20,7.90,1420000000.0,2.93,29300000.0,1.08,13.19,1550000000.0,0.83,0.19,77.40,6700000.0,3.40,1.40,7220000.0,underperform
93,2013-04-26 14:37:22,1367001442.0,adp,54.46,19.16849015317286,1582.23999,44.19655404117448,-25.02806388800162,0.46,23.20,3.08,5.06,13.39,15.10,3.01,21.78,21.66,30250000000.0,30250000000.0,20.92,2.48,2.88,15.85,2.88,4430000000.0,15.85,1370000000.0,2.87,4.20,7.90,1420000000.0,2.93,29300000.0,1.08,13.19,1550000000.0,0.83,0.19,77.40,6700000.0,3.40,1.40,7220000.0,underperform
94,2004-06-20 07:36:21,1087731381.0,adsk,39.4,113.66594360086766,1132.050049,9.923782626761938,103.74216097410573,1.614,31.62,4.27,6.97,14.95,14.74,16.10,25.50,8.332,4470000000.0,4120000000.0,23.04,1.53,3.96,26.8,3.96,803520000.0,26.8,155310000.0,1.246,277.10,15.40,353930000.0,3.12,1.614,1.614,5.614,257959999.99999997,1.032,4.76,87.77,3210000.0,1.783,2.97,3270000.0,outperform
95,2004-08-03 23:39:21,1091590761.0,adsk,39.96,116.70281995661604,1099.689941,6.781566891059492,109.92125306555654,1.614,32.07,4.31,7.03,14.95,14.74,16.10,25.50,8.332,4540000000.0,4130000000.0,23.37,1.54,3.97,26.86,3.97,803520000.0,26.86,155310000.0,1.246,277.10,15.40,353930000.0,3.12,1.614,1.614,5.614,257959999.99999997,1.06,4.76,88.88,4580000.0,2.112,4.24,4820000.0,outperform
96,2005-04-19 09:08:08,1113916088.0,adsk,31.69,71.85466377440348,1152.780029,11.93669523375316,59.91796854065032,1.637,35.49,5.86,11.13,17.95,19.04,20.97,34.17,4.985,7230000000.0,6690000000.0,24.76,1.65,5.42,23.33,5.42,1060000000.0,23.33,221510000.0,0.89,84.10,29.60,532690000.00000006,2.34,1.637,1.637,2.847,373130000.0,1.315,2.15,87.25,4150000.0000000005,1.359,1.86,5620000.0,outperform
97,2013-02-06 12:50:17,1360173017.0,adsk,20.69,12.20173535791757,1512.119995,46.8291528124481,-34.62741745453053,5.45,36.85,3.82,4.35,10.66,15.22,6.80,12.74,10.13,7560000000.0,7560000000.0,18.42,1.18,3.29,15.97,3.29,1990000000.0,15.97,244900000.0,1.06,59.60,0.10,1330000000.0,5.92,110000000.0,1.75,8.98,578700000.0,2.13,0.16,95.30,3620000.0,1.60,1.60,3860000.0,underperform
98,2013-05-14 02:47:26,1368514046.0,adsk,20.69,12.20173535791757,1650.339966,60.25052235375301,-48.04878699583544,36.49,36.36,3.85,4.35,10.70,15.13,5.80,12.60,10.21,7690000000.0,7690000000.0,15.88,1.26,3.33,16.10,3.33,2069999999.9999998,16.10,247400000.0,1.07,3.50,2.40,1950000000.0,8.73,745600000.0,2.45,9.14,559100000.0,2.15,0.12,91.80,3810000.0,1.50,1.70,3160000.0,underperform
99,2013-04-23 04:44:32,1366706672.0,adt,20.69,0.0,1578.780029,0.0,0.0,48.01,25.49,2.96,1.93,12.52,23.47,5.20,7.70,13.96,11770000000.0,11770000000.0,21.49,2.20,3.63,8.65,3.63,1850000000.0,8.65,406000000.0,1.72,12.90,1.80,382000000.0,1.74,2530000000.0,1.05,22.61,1560000000.0,1.72,0.12,86.70,4950000.0,3.20,2.20,5530000.0,underperform
100,2013-05-09 13:05:42,1368119142.0,adt,20.69,0.0,1626.670044,3.0333557633316093,-3.0333557633316093,69.94,25.57,3.09,2.18,12.53,23.22,5.09,8.18,14.10,12640000000.0,12640000000.0,21.91,2.23,3.88,9.21,3.88,1850000000.0,9.21,408000000.0,1.74,1.90,1.70,419000000.0,1.85,3230000000.0,1.14,20.42,1600000000.0,1.72,0.12,86.70,8220000.000000001,2.40,3.70,4950000.0,underperform
101,2004-09-24 17:33:50,1096061630.0,aee,46.07,0.0,1110.109985,0.0,0.0,0.804,14.58,1.88,1.61,11.08,23.11,3.74,11.34,28.079,8950000000.0,12830000000.0,15.10,5.47,2.69,7.89,2.69,3080000000.0,7.89,527720000.0,3.16,37.20,19.60,511000000.0,2.63,4380000000.0,1.598,28.576,1040000000.0,0.12,1.02,54.42,7410000.0,9.802,3.85,3960000.0,underperform
102,2004-11-02 15:30:15,1099427415.0,aee,48.01,4.210983286303446,1130.560059,1.84216647686489,2.3688168094385564,0.804,15.31,1.96,1.68,11.10,23.14,3.74,11.34,27.933,9330000000.0,13210000000.0,15.74,5.77,2.78,8.13,2.78,3080000000.0,8.13,527890000.0,3.136,37.20,19.60,511000000.0,2.63,4380000000.0,1.598,28.576,1040000000.0,0.107,1.02,54.90,3610000.0,7.157,1.88,7080000.0,outperform
103,2005-03-05 21:55:16,1110077716.0,aee,51.83,12.502713262426738,1210.079956,9.005411387232948,3.4973018751937897,0.974,18.34,1.93,1.72,10.27,20.89,3.37,10.02,27.694,10070000000.0,15860000000.0,16.00,5.57,3.07,9.7,3.07,3080000000.0,9.7,529720000.0,2.83,37.20,19.60,69000000.0,0.36,5860000000.0,0.875,29.774,915000000.0,0.167,1.02,53.44,5900000.0,10.387,3.07,3410000.0,outperform
104,2012-04-23 16:14:50,1335212090.0,aee,25.82,-43.95485131321901,1366.939941,23.135541475198966,-67.09039278841797,86.81,14.63,1.05,0.97,7.07,19.37,3.77,6.60,30.38,14630000000.0,14630000000.0,16.72,3.47,1.99,6.56,1.99,2610000000.0,6.56,519000000.0,2.15,51.90,7.50,255000000.0,1.05,7000000000.0,1.29,32.64,1880000000.0,0.24,0.12,1.50,4700000.0,3.10,1.90,4410000.0,underperform
105,2005-04-04 22:37:45,1112668665.0,aep,33.96,7.332490518331227,1176.119995,6.950145777499653,0.38234474083157366,1.435,11.93,0.96,1.59,8.02,16.31,3.24,13.42,35.497,13460000000.0,25190000000.0,13.27,4.03,1.79,7.01,1.79,7610000000.0,7.01,1130000000.0,2.85,890.00,3.40,708000000.0,1.79,12310000000.0,0.803,21.51,2600000000.0,0.383,0.76,65.52,19500000.0,11.574,4.96,7040000.0,outperform
106,2011-04-08 04:53:43,1302252823.0,aep,35.47,12.10493046776232,1328.170044,20.776774841846066,-8.671844374083745,136.63,14.02,1.19,1.26,8.39,20.49,3.74,9.04,30.10,35310000000.0,35310000000.0,10.91,2.81,2.45,7.46,2.45,8260000000.0,7.46,1210000000.0,2.53,26.10,4.60,485000000.0,1.01,18690000000.0,0.77,28.33,35310000000.0,0.55,0.08,68.30,4840000.0,1.80,1.00,4120000.0,underperform
107,2012-07-27 00:36:41,1343363801.0,aep,39.52,24.905183312262967,1385.969971,26.032795184038143,-1.1276118717751764,123.75,10.25,1.33,1.34,13.17,18.94,3.44,11.20,31.09,38040000000.0,38040000000.0,13.40,4.01,2.53,8.17,2.53,8270000000.0,8.17,1600000000.0,4.09,10.20,2.80,366000000.0,0.76,18380000000.0,0.66,30.69,3830000000.0,0.36,0.08,61.90,7360000.0,2.50,1.50,5780000.0,underperform
108,2013-04-25 05:13:54,1366881234.0,aep,39.52,24.905183312262967,1585.160034,44.14608835637243,-19.240905044109464,126.19,19.59,1.65,1.61,8.42,20.01,3.51,8.44,30.84,43520000000.0,43520000000.0,15.33,4.29,2.91,8.87,2.91,8550000000.000001,8.87,1260000000.0,2.60,93.20,4.90,362000000.0,0.75,19230000000.0,0.67,31.37,3800000000.0,0.34,0.08,62.80,4370000.0,2.00,0.90,5180000.0,underperform
109,2012-12-19 21:05:07,1355969107.0,aet,26.03,-66.41290322580645,1435.810059,24.624391567963006,-91.03729479376945,43.00,8.80,0.44,1.43,5.22,8.93,5.01,17.18,101.78,17059999999.999998,17059999999.999998,8.32,0.86,0.48,4.73,0.48,10250000000.0,4.73,1840000000.0,5.23,1.80,5.20,3180000000.0,9.51,4690000000.0,0.75,32.58,1770000000.0,1.05,0.30,90.80,16780000.0,3.80,5.20,17000000.0,underperform
110,2013-06-05 05:12:09,1370423529.0,aet,26.03,-66.41290322580645,1608.900024,39.648127778356155,-106.0610310041626,63.37,12.26,0.52,1.82,4.40,8.31,4.72,15.57,111.29,21220000000.0,21220000000.0,9.47,0.98,0.57,6.00,0.57,10860000000.0,6.00,1640000000.0,4.84,4.10,7.00,5250000000.0,16.12,6800000000.0,0.99,32.77,1350000000.0,1.09,0.37,97.40,4800000.0,1.50,1.60,20310000.0,underperform
111,2011-12-30 09:10:57,1325254257.0,afl,43.27,29.434639545318586,1257.599976,22.114871613105713,7.319767932212873,33.03,10.98,0.94,1.59,8.62,14.16,1.79,15.56,46.04,22440000000.0,22440000000.0,6.50,0.62,1.04,7.17,1.04,4930000000.0,7.17,1860000000.0,3.94,7.80,11.90,1960000000.0,4.20,4200000000.0,0.42,27.25,9610000000.0,2.53,3.03,65.30,9160000.0,2.50,2.00,9130000.0,outperform
112,2012-07-17 03:10:14,1342509014.0,afl,43.27,29.434639545318586,1363.670044,32.41443664411951,-2.979797098800926,30.49,8.59,0.88,1.49,10.17,16.08,2.15,19.14,49.82,22310000000.0,22310000000.0,6.29,0.60,0.96,5.88,0.96,6700000000.0,5.88,2360000000.0,5.03,101.80,20.30,2240000000.0,4.79,4160000000.0,0.43,29.18,12230000000.0,1.76,3.05,64.30,6950000.0,2.10,1.50,8340000.0,underperform
113,2004-08-10 02:33:38,1092119618.0,agn,69.32,-9.562948467058071,1079.040039,3.3929681812856654,-12.955916648343736,0.637,59.20,5.03,9.91,8.33,15.94,8.48,18.98,14.349,9310000000.0,9510000000.0,21.33,1.22,5.00,25.85,5.00,1440000000.0,25.85,157800000.0,1.171,169.80,24.30,650600000.0,4.85,602800000.0,3.024,7.186,365000000.0,0.144,1.98,89.14,2630000.0,4.17,2.00,2730000.0,underperform
114,2004-11-02 14:09:49,1099422589.0,agn,72.5,-5.414220482713641,1130.560059,8.329585541189948,-13.743806023903588,0.637,55.86,5.12,10.09,8.83,15.94,9.21,20.64,14.903,9730000000.0,9690000000.0,22.38,1.43,4.92,26.32,4.92,1440000000.0,26.32,173800000.0,1.298,169.80,24.30,650600000.0,4.85,602800000.0,3.024,7.186,424800000.0,0.165,1.98,89.42,3140000.0,2.86,2.38,2710000.0,underperform
115,2005-03-10 01:40:57,1110436857.0,agn,75.47,-1.5394651011089455,1209.25,15.869608405902436,-17.40907350701138,0.522,26.60,4.85,8.89,18.48,25.78,18.90,40.70,15.383,9910000000.0,9610000000.0,20.73,1.34,4.70,18.22,4.70,1440000000.0,18.22,377100000.0,2.84,169.80,24.30,894800000.0,6.82,583200000.0,2.994,8.501,518600000.0,0.275,1.97,90.41,3200000.0,3.038,2.49,3400000.0,underperform
116,2012-08-22 22:58:41,1345690721.0,agn,54.11,-29.406392694063932,1413.48999,35.43976152736238,-64.8461542214263,28.52,25.05,4.64,4.80,18.79,28.29,11.99,20.24,18.49,24940000000.0,24940000000.0,17.91,1.53,4.44,14.22,4.44,4670000000.0,14.22,1050000000.0,3.41,19.80,5.20,2670000000.0,8.88,1560000000.0,4.42,18.02,1340000000.0,0.65,0.19,91.90,3300000.0,1.40,1.10,4270000.0,underperform
117,2013-04-22 02:49:52,1366613392.0,agn,54.11,-29.406392694063932,1562.5,49.7178111508973,-79.12420384496123,26.63,31.77,5.76,5.78,18.93,28.45,11.67,19.70,19.26,32500000000.0,32500000000.0,20.91,1.78,5.60,17.86,5.60,5030000000.0,17.86,1100000000.0,3.58,15.90,7.60,2960000000.0,9.94,1560000000.0,4.07,19.44,1600000000.0,0.63,0.16,88.20,4780000.0,3.80,1.60,4740000.0,underperform
118,2013-05-12 05:08:18,1368349698.0,agn,54.11,-29.406392694063932,1626.670044,55.86654620954483,-85.27293890360876,40.37,36.17,5.19,5.75,14.90,28.58,11.79,21.16,19.73,30800000000.0,30800000000.0,19.12,1.57,5.20,16.49,5.20,5030000000.0,16.49,1140000000.0,2.88,94.60,8.30,2250000000.0,7.59,2160000000.0,3.83,17.93,1510000000.0,0.64,0.16,88.20,4940000.0,4.20,1.70,5030000.0,underperform
